,,quadkey,cluster,level
0,0,031133010303,0,0
0,1,031133010311,1,0
0,2,031133011200,0,0
0,3,031133013100,1,0
0,4,031133011220,0,0
0,5,031133011322,0,0
0,6,031133023111,2,0
0,7,031133023110,3,0
0,8,031133023121,4,0
0,9,031133030203,3,0
0,10,031133023120,3,0
0,11,031133023123,3,0
0,12,031133023301,2,0
0,13,031133032202,5,0
0,14,031133023313,6,0
0,15,031133032023,6,0
0,16,031133032112,7,0
0,17,031133032130,8,0
0,18,031133032113,7,0
0,19,031133033012,9,0
0,20,031133032120,7,0
0,21,031133032332,10,0
0,22,031133210110,11,0
0,23,031133033000,12,0
0,24,031133033003,12,0
0,25,031133033010,13,0
0,26,031133033013,14,0
0,27,031133033030,12,0
0,28,031133033033,12,0
0,29,031133033102,14,0
0,30,031133033110,15,0
0,31,031133033132,16,0
0,32,031133033211,12,0
0,33,031133033302,17,0
0,34,031133033111,18,0
0,35,031133122202,19,0
0,36,031133033213,17,0
0,37,031133122033,20,0
0,38,031133122122,21,0
0,39,031133122232,22,0
0,40,031133300100,23,0
0,41,031133122323,22,0
0,42,031133123000,24,0
0,43,031133122111,25,0
0,44,031133123211,26,0
0,45,031133123023,24,0
0,46,031133123030,24,0
0,47,031133123212,24,0
0,48,031133123222,27,0
0,49,031133123230,24,0
0,50,031133300130,28,0
0,51,031133300133,29,0
0,52,031133301020,30,0
0,53,031133301200,31,0
0,54,031133202121,32,0
0,55,031133202130,33,0
0,56,031133210120,11,0
0,57,031133212231,24,0
0,58,031133212320,34,0
0,59,031133212301,35,0
0,60,031133212303,36,0
0,61,031133212333,37,0
0,62,031133231022,38,0
0,63,031133213223,39,0
0,64,031133213232,40,0
0,65,031133213231,41,0
0,66,031133231010,42,0
0,67,031133231020,43,0
0,68,031133213303,44,0
0,69,031133213330,44,0
0,70,031133213331,45,0
0,71,031133231103,46,0
0,72,031133231112,47,0
0,73,031133231113,48,0
0,74,031133231130,48,0
0,75,031133302201,49,0
0,76,031133302211,50,0
0,77,031133302220,44,0
0,78,031133302232,51,0
0,79,031133220023,52,0
0,80,031133220030,53,0
0,81,031133220120,25,0
0,82,031133222030,10,0
0,83,031133222230,11,0
0,84,031133222133,54,0
0,85,031133222311,55,0
0,86,031133222313,54,0
0,87,031133223003,56,0
0,88,031133223021,57,0
0,89,031133223020,56,0
0,90,031133223032,57,0
0,91,031133223023,56,0
0,92,031133223033,58,0
0,93,031133223122,59,0
0,94,031133223201,60,0
0,95,031133223211,61,0
0,96,031133223300,62,0
0,97,031133223303,63,0
0,98,031133223312,64,0
0,99,031133223331,65,0
0,100,031133223321,66,0
0,101,031133223330,67,0
0,102,031133223202,68,0
0,103,031133223212,68,0
0,104,031133223213,68,0
0,105,031133223220,68,0
0,106,031133223320,69,0
0,107,031133232220,70,0
0,108,031133223231,71,0
0,109,031133223233,72,0
0,110,031133223301,73,0
0,111,031133223310,74,0
0,112,031133223302,75,0
0,113,031133223313,76,0
0,114,031133223322,77,0
0,115,031133223323,78,0
0,116,031133223332,79,0
0,117,031133223333,80,0
0,118,031133232200,81,0
0,119,031133232202,82,0
0,120,031133232210,83,0
0,121,031133232221,84,0
0,122,031133232222,85,0
0,123,031133232223,86,0
0,124,031133232230,87,0
0,125,031133232232,88,0
0,126,031311001033,89,0
0,127,031311010000,90,0
0,128,031133232201,91,0
0,129,031133232203,92,0
0,130,031311010001,93,0
0,131,031311010010,94,0
0,132,031133232233,95,0
0,133,031311001011,96,0
0,134,031311001010,97,0
0,135,031311001012,98,0
0,136,031311001021,99,0
0,137,031311001102,100,0
0,138,031311001111,101,0
0,139,031311001122,102,0
0,140,031133233211,103,0
0,141,031311001030,104,0
0,142,031311001110,105,0
0,143,031311001231,106,0
0,144,031311010011,107,0
0,145,031133232011,108,0
0,146,031133232013,109,0
0,147,031133232022,110,0
0,148,031133232023,111,0
0,149,031133232033,112,0
0,150,031133232100,113,0
0,151,031133232120,114,0
0,152,031133232122,115,0
0,153,031133232123,116,0
0,154,031133232211,117,0
0,155,031133232212,118,0
0,156,031133232213,118,0
0,157,031133232231,119,0
0,158,031133232312,120,0
0,159,031133232313,121,0
0,160,031133232321,122,0
0,161,031133232322,123,0
0,162,031133232330,124,0
0,163,031133232331,122,0
0,164,031133233021,125,0
0,165,031133233200,126,0
0,166,031311001002,98,0
0,167,031311001031,127,0
0,168,031311001120,100,0
0,169,031311001123,128,0
0,170,031311001132,129,0
0,171,031311001211,130,0
0,172,031311001213,131,0
0,173,031311001331,132,0
0,174,031311010003,133,0
0,175,031311010012,134,0
0,176,031311010021,133,0
0,177,031311010031,135,0
0,178,031311010100,123,0
0,179,031311010102,136,0
0,180,031133230032,137,0
0,181,031133230122,37,0
0,182,031133230131,37,0
0,183,031133230223,138,0
0,184,031133230232,138,0
0,185,031133230303,37,0
0,186,031133230320,137,0
0,187,031133230313,37,0
0,188,031133231002,139,0
0,189,031133231021,139,0
0,190,031133231023,139,0
0,191,031133231201,139,0
0,192,031133231000,37,0
0,193,031133231032,37,0
0,194,031133231033,37,0
0,195,031133231210,37,0
0,196,031133231211,37,0
0,197,031133231102,140,0
0,198,031133231120,141,0
0,199,031133231131,142,0
0,200,031133320002,143,0
0,201,031133231111,144,0
0,202,031133231031,44,0
0,203,031133231311,145,0
0,204,031133231323,146,0
0,205,031133231133,140,0
0,206,031133231222,147,0
0,207,031133231223,148,0
0,208,031133231233,149,0
0,209,031133231301,150,0
0,210,031133231303,151,0
0,211,031133231320,152,0
0,212,031133231322,153,0
0,213,031133233001,154,0
0,214,031133233002,155,0
0,215,031133233003,156,0
0,216,031133233010,157,0
0,217,031133233011,158,0
0,218,031133233013,159,0
0,219,031133233020,160,0
0,220,031133233100,161,0
0,221,031133231302,151,0
0,222,031133232010,162,0
0,223,031133232101,163,0
0,224,031133232102,164,0
0,225,031133232012,138,0
0,226,031133232031,165,0
0,227,031133232103,163,0
0,228,031133232121,166,0
0,229,031133232032,167,0
0,230,031133232132,168,0
0,231,031133232113,169,0
0,232,031133232133,170,0
0,233,031133232300,138,0
0,234,031133232301,166,0
0,235,031133232310,138,0
0,236,031133233201,171,0
0,237,031133233210,172,0
0,238,031133233202,173,0
0,239,031133232303,122,0
0,240,031133232323,136,0
0,241,031133233212,174,0
0,242,031133233203,175,0
0,243,031133233220,176,0
0,244,031133233302,177,0
0,245,031133232320,136,0
0,246,031133232131,178,0
0,247,031133233012,179,0
0,248,031133233023,180,0
0,249,031133233133,181,0
0,250,031133233310,182,0
0,251,031133233231,183,0
0,252,031133233300,184,0
0,253,031133233213,185,0
0,254,031133233301,186,0
0,255,031133233303,187,0
0,256,031133233320,188,0
0,257,031133233321,189,0
0,258,031133233312,181,0
0,259,031133322021,190,0
0,260,031133322033,191,0
0,261,031133322200,192,0
0,262,031311011031,193,0
0,263,031311100022,194,0
0,264,031133233311,181,0
0,265,031133322020,190,0
0,266,031133300101,22,0
0,267,031133300102,195,0
0,268,031133300103,195,0
0,269,031133300121,195,0
0,270,031133300132,196,0
0,271,031133300113,27,0
0,272,031133300131,197,0
0,273,031133300123,198,0
0,274,031133300311,199,0
0,275,031133300313,200,0
0,276,031133300332,201,0
0,277,031133301002,202,0
0,278,031133300213,202,0
0,279,031133300310,198,0
0,280,031133300202,202,0
0,281,031133300210,202,0
0,282,031133302121,24,0
0,283,031133302032,203,0
0,284,031133302033,204,0
0,285,031133302122,204,0
0,286,031133302213,204,0
0,287,031133302221,49,0
0,288,031133320221,19,0
0,289,031133322022,205,0
0,290,031133322032,181,0
0,291,031133322323,110,0
0,292,031311100101,206,0
0,293,031310111000,205,0
0,294,031310111021,205,0
0,295,031311000220,207,0
0,296,031311000222,208,0
0,297,031311001121,209,0
0,298,031311001133,209,0
0,299,031311001300,210,0
0,300,031311001312,211,0
0,301,031311001233,212,0
0,302,031311001302,212,0
0,303,031311001320,212,0
0,304,031311001321,212,0
0,305,031311003010,212,0
0,306,031311001303,213,0
0,307,031311001330,213,0
0,308,031311003100,212,0
0,309,031311003103,213,0
0,310,031311010222,213,0
0,311,031311010203,213,0
0,312,031311010232,214,0
0,313,031311010013,110,0
0,314,031311010033,215,0
0,315,031311010121,216,0
0,316,031311010103,136,0
0,317,031311010112,136,0
0,318,031311010120,136,0
0,319,031311012011,214,0
0,320,031311011120,217,0
0,321,031311011123,217,0
0,322,031311011133,218,0
0,323,031311011311,219,0
0,324,031311100220,220,0
0,325,031311100222,221,0
0,326,031311012312,222,0
0,327,031311012313,223,0
0,328,031311012330,224,0
0,329,031311012331,225,0
0,330,031311013200,226,0
0,331,031311013203,227,0
0,332,031311013232,228,0
0,333,031311013233,229,0
0,334,031311030011,226,0
0,335,031311030100,230,0
0,336,031311013201,231,0
0,337,031311013323,232,0
0,338,031311031112,232,0
0,339,031311013301,233,0
0,340,031311020112,234,0
0,341,031311020113,235,0
0,342,031311020130,236,0
0,343,031311021003,236,0
0,344,031311021100,35,0
0,345,031311021101,36,0
0,346,031311030021,230,0
0,347,031311030030,226,0
0,348,031311030102,226,0
0,349,031311100002,237,0
0,350,031311100021,237,0
0,351,031311100023,237,0
0,352,031311100122,237,0
0,353,031311100201,237,0
0,354,031133322332,110,0
0,355,031311100301,238,0
1,0,031133010303,0,1
1,1,031133010311,0,1
1,2,031133011200,1,1
1,3,031133013100,1,1
1,4,031133011220,1,1
1,5,031133011322,2,1
1,6,031133023111,2,1
1,7,031133023110,3,1
1,8,031133023121,3,1
1,9,031133030203,4,1
1,10,031133023120,5,1
1,11,031133023123,6,1
1,12,031133023301,7,1
1,13,031133032202,7,1
1,14,031133023313,7,1
1,15,031133032023,7,1
1,16,031133032112,7,1
1,17,031133032130,7,1
1,18,031133032113,7,1
1,19,031133033012,7,1
1,20,031133032120,8,1
1,21,031133032332,9,1
1,22,031133210110,10,1
1,23,031133033000,10,1
1,24,031133033003,11,1
1,25,031133033010,12,1
1,26,031133033013,11,1
1,27,031133033030,11,1
1,28,031133033033,13,1
1,29,031133033102,14,1
1,30,031133033110,15,1
1,31,031133033132,16,1
1,32,031133033211,0,1
1,33,031133033302,0,1
1,34,031133033111,11,1
1,35,031133122202,2,1
1,36,031133033213,2,1
1,37,031133122033,17,1
1,38,031133122122,18,1
1,39,031133122232,9,1
1,40,031133300100,8,1
1,41,031133122323,9,1
1,42,031133123000,9,1
1,43,031133122111,17,1
1,44,031133123211,19,1
1,45,031133123023,19,1
1,46,031133123030,20,1
1,47,031133123212,20,1
1,48,031133123222,20,1
1,49,031133123230,21,1
1,50,031133300130,21,1
1,51,031133300133,19,1
1,52,031133301020,22,1
1,53,031133301200,12,1
1,54,031133202121,22,1
1,55,031133202130,12,1
1,56,031133210120,23,1
1,57,031133212231,23,1
1,58,031133212320,23,1
1,59,031133212301,23,1
1,60,031133212303,24,1
1,61,031133212333,23,1
1,62,031133231022,23,1
1,63,031133213223,25,1
1,64,031133213232,25,1
1,65,031133213231,26,1
1,66,031133231010,27,1
1,67,031133231020,28,1
1,68,031133213303,24,1
1,69,031133213330,29,1
1,70,031133213331,30,1
1,71,031133231103,31,1
1,72,031133231112,31,1
1,73,031133231113,32,1
1,74,031133231130,32,1
1,75,031133302201,24,1
1,76,031133302211,30,1
1,77,031133302220,31,1
1,78,031133302232,33,1
1,79,031133220023,34,1
1,80,031133220030,34,1
1,81,031133220120,35,1
1,82,031133222030,36,1
1,83,031133222230,37,1
1,84,031133222133,38,1
1,85,031133222311,39,1
1,86,031133222313,40,1
1,87,031133223003,38,1
1,88,031133223021,38,1
1,89,031133223020,41,1
1,90,031133223032,40,1
1,91,031133223023,35,1
1,92,031133223033,35,1
1,93,031133223122,39,1
1,94,031133223201,42,1
1,95,031133223211,43,1
1,96,031133223300,44,1
1,97,031133223303,44,1
1,98,031133223312,44,1
1,99,031133223331,41,1
1,100,031133223321,45,1
1,101,031133223330,39,1
1,102,031133223202,46,1
1,103,031133223212,47,1
1,104,031133223213,41,1
1,105,031133223220,33,1
1,106,031133223320,48,1
1,107,031133232220,49,1
1,108,031133223231,50,1
1,109,031133223233,51,1
1,110,031133223301,52,1
1,111,031133223310,52,1
1,112,031133223302,51,1
1,113,031133223313,50,1
1,114,031133223322,51,1
1,115,031133223323,53,1
1,116,031133223332,54,1
1,117,031133223333,52,1
1,118,031133232200,55,1
1,119,031133232202,55,1
1,120,031133232210,56,1
1,121,031133232221,56,1
1,122,031133232222,56,1
1,123,031133232223,43,1
1,124,031133232230,56,1
1,125,031133232232,57,1
1,126,031311001033,56,1
1,127,031311010000,58,1
1,128,031133232201,58,1
1,129,031133232203,45,1
1,130,031311010001,58,1
1,131,031311010010,59,1
1,132,031133232233,60,1
1,133,031311001011,61,1
1,134,031311001010,62,1
1,135,031311001012,62,1
1,136,031311001021,0,1
1,137,031311001102,8,1
1,138,031311001111,63,1
1,139,031311001122,17,1
1,140,031133233211,64,1
1,141,031311001030,64,1
1,142,031311001110,64,1
1,143,031311001231,64,1
1,144,031311010011,64,1
1,145,031133232011,64,1
1,146,031133232013,65,1
1,147,031133232022,22,1
1,148,031133232023,12,1
1,149,031133232033,65,1
1,150,031133232100,66,1
1,151,031133232120,67,1
1,152,031133232122,67,1
1,153,031133232123,68,1
1,154,031133232211,69,1
1,155,031133232212,70,1
1,156,031133232213,57,1
1,157,031133232231,68,1
1,158,031133232312,68,1
1,159,031133232313,68,1
1,160,031133232321,57,1
1,161,031133232322,68,1
1,162,031133232330,50,1
1,163,031133232331,50,1
1,164,031133233021,50,1
1,165,031133233200,63,1
1,166,031311001002,63,1
1,167,031311001031,52,1
1,168,031311001120,71,1
1,169,031311001123,69,1
1,170,031311001132,71,1
1,171,031311001211,72,1
1,172,031311001213,72,1
1,173,031311001331,56,1
1,174,031311010003,72,1
1,175,031311010012,73,1
1,176,031311010021,56,1
1,177,031311010031,74,1
1,178,031311010100,69,1
1,179,031311010102,69,1
1,180,031133230032,73,1
1,181,031133230122,75,1
1,182,031133230131,76,1
1,183,031133230223,77,1
1,184,031133230232,74,1
1,185,031133230303,77,1
1,186,031133230320,78,1
1,187,031133230313,78,1
1,188,031133231002,77,1
1,189,031133231021,77,1
1,190,031133231023,75,1
1,191,031133231201,75,1
1,192,031133231000,75,1
1,193,031133231032,79,1
1,194,031133231033,80,1
1,195,031133231210,10,1
1,196,031133231211,15,1
1,197,031133231102,13,1
1,198,031133231120,15,1
1,199,031133231131,15,1
1,200,031133320002,15,1
1,201,031133231111,15,1
1,202,031133231031,11,1
1,203,031133231311,21,1
1,204,031133231323,21,1
1,205,031133231133,75,1
1,206,031133231222,52,1
1,207,031133231223,8,1
1,208,031133231233,9,1
1,209,031133231301,45,1
1,210,031133231303,45,1
1,211,031133231320,60,1
1,212,031133231322,60,1
1,213,031133233001,60,1
1,214,031133233002,60,1
1,215,031133233003,61,1
1,216,031133233010,0,1
1,217,031133233011,79,1
1,218,031133233013,81,1
1,219,031133233020,81,1
1,220,031133233100,82,1
1,221,031133231302,82,1
1,222,031133232010,83,1
1,223,031133232101,83,1
1,224,031133232102,84,1
1,225,031133232012,83,1
1,226,031133232031,85,1
1,227,031133232103,86,1
1,228,031133232121,87,1
1,229,031133232032,87,1
1,230,031133232132,86,1
1,231,031133232113,85,1
1,232,031133232133,66,1
1,233,031133232300,67,1
1,234,031133232301,5,1
1,235,031133232310,6,1
1,236,031133233201,6,1
1,237,031133233210,81,1
1,238,031133233202,81,1
1,239,031133232303,0,1
1,240,031133232323,0,1
1,241,031133233212,0,1
1,242,031133233203,0,1
1,243,031133233220,0,1
1,244,031133233302,0,1
1,245,031133232320,0,1
1,246,031133232131,0,1
1,247,031133233012,0,1
1,248,031133233023,0,1
1,249,031133233133,0,1
1,250,031133233310,0,1
1,251,031133233231,0,1
1,252,031133233300,0,1
1,253,031133233213,0,1
1,254,031133233301,0,1
1,255,031133233303,0,1
1,256,031133233320,0,1
1,257,031133233321,0,1
1,258,031133233312,0,1
1,259,031133322021,0,1
1,260,031133322033,0,1
1,261,031133322200,0,1
1,262,031311011031,0,1
1,263,031311100022,0,1
1,264,031133233311,0,1
1,265,031133322020,0,1
1,266,031133300101,0,1
1,267,031133300102,0,1
1,268,031133300103,0,1
1,269,031133300121,0,1
1,270,031133300132,0,1
1,271,031133300113,0,1
1,272,031133300131,0,1
1,273,031133300123,0,1
1,274,031133300311,0,1
1,275,031133300313,0,1
1,276,031133300332,0,1
1,277,031133301002,0,1
1,278,031133300213,0,1
1,279,031133300310,0,1
1,280,031133300202,0,1
1,281,031133300210,0,1
1,282,031133302121,0,1
1,283,031133302032,0,1
1,284,031133302033,0,1
1,285,031133302122,0,1
1,286,031133302213,0,1
1,287,031133302221,0,1
1,288,031133320221,0,1
1,289,031133322022,0,1
1,290,031133322032,0,1
1,291,031133322323,0,1
1,292,031311100101,0,1
1,293,031310111000,0,1
1,294,031310111021,0,1
1,295,031311000220,0,1
1,296,031311000222,0,1
1,297,031311001121,0,1
1,298,031311001133,0,1
1,299,031311001300,0,1
1,300,031311001312,0,1
1,301,031311001233,0,1
1,302,031311001302,0,1
1,303,031311001320,0,1
1,304,031311001321,0,1
1,305,031311003010,0,1
1,306,031311001303,0,1
1,307,031311001330,0,1
1,308,031311003100,0,1
1,309,031311003103,0,1
1,310,031311010222,0,1
1,311,031311010203,0,1
1,312,031311010232,0,1
1,313,031311010013,0,1
1,314,031311010033,0,1
1,315,031311010121,0,1
1,316,031311010103,0,1
1,317,031311010112,0,1
1,318,031311010120,0,1
1,319,031311012011,0,1
1,320,031311011120,0,1
1,321,031311011123,0,1
1,322,031311011133,0,1
1,323,031311011311,0,1
1,324,031311100220,0,1
1,325,031311100222,0,1
1,326,031311012312,0,1
1,327,031311012313,0,1
1,328,031311012330,0,1
1,329,031311012331,0,1
1,330,031311013200,0,1
1,331,031311013203,0,1
1,332,031311013232,0,1
1,333,031311013233,0,1
1,334,031311030011,0,1
1,335,031311030100,0,1
1,336,031311013201,0,1
1,337,031311013323,0,1
1,338,031311031112,0,1
1,339,031311013301,0,1
1,340,031311020112,0,1
1,341,031311020113,0,1
1,342,031311020130,0,1
1,343,031311021003,0,1
1,344,031311021100,0,1
1,345,031311021101,0,1
1,346,031311030021,0,1
1,347,031311030030,0,1
1,348,031311030102,0,1
1,349,031311100002,0,1
1,350,031311100021,0,1
1,351,031311100023,0,1
1,352,031311100122,0,1
1,353,031311100201,0,1
1,354,031133322332,0,1
1,355,031311100301,0,1
2,0,031133010303,0,2
2,1,031133010311,1,2
2,2,031133011200,1,2
2,3,031133013100,1,2
2,4,031133011220,1,2
2,5,031133011322,2,2
2,6,031133023111,2,2
2,7,031133023110,1,2
2,8,031133023121,3,2
2,9,031133030203,3,2
2,10,031133023120,4,2
2,11,031133023123,4,2
2,12,031133023301,2,2
2,13,031133032202,4,2
2,14,031133023313,4,2
2,15,031133032023,4,2
2,16,031133032112,4,2
2,17,031133032130,3,2
2,18,031133032113,3,2
2,19,031133033012,5,2
2,20,031133032120,6,2
2,21,031133032332,5,2
2,22,031133210110,2,2
2,23,031133033000,7,2
2,24,031133033003,7,2
2,25,031133033010,8,2
2,26,031133033013,9,2
2,27,031133033030,8,2
2,28,031133033033,8,2
2,29,031133033102,10,2
2,30,031133033110,11,2
2,31,031133033132,10,2
2,32,031133033211,7,2
2,33,031133033302,10,2
2,34,031133033111,8,2
2,35,031133122202,12,2
2,36,031133033213,12,2
2,37,031133122033,13,2
2,38,031133122122,14,2
2,39,031133122232,15,2
2,40,031133300100,15,2
2,41,031133122323,16,2
2,42,031133123000,0,2
2,43,031133122111,0,2
2,44,031133123211,10,2
2,45,031133123023,17,2
2,46,031133123030,16,2
2,47,031133123212,18,2
2,48,031133123222,17,2
2,49,031133123230,0,2
2,50,031133300130,19,2
2,51,031133300133,19,2
2,52,031133301020,13,2
2,53,031133301200,19,2
2,54,031133202121,19,2
2,55,031133202130,0,2
2,56,031133210120,20,2
2,57,031133212231,21,2
2,58,031133212320,17,2
2,59,031133212301,17,2
2,60,031133212303,17,2
2,61,031133212333,0,2
2,62,031133231022,0,2
2,63,031133213223,19,2
2,64,031133213232,5,2
2,65,031133213231,22,2
2,66,031133231010,23,2
2,67,031133231020,23,2
2,68,031133213303,22,2
2,69,031133213330,24,2
2,70,031133213331,24,2
2,71,031133231103,19,2
2,72,031133231112,20,2
2,73,031133231113,24,2
2,74,031133231130,25,2
2,75,031133302201,26,2
2,76,031133302211,26,2
2,77,031133302220,25,2
2,78,031133302232,26,2
2,79,031133220023,27,2
2,80,031133220030,27,2
2,81,031133220120,27,2
2,82,031133222030,27,2
2,83,031133222230,28,2
2,84,031133222133,28,2
2,85,031133222311,28,2
2,86,031133222313,28,2
2,87,031133223003,28,2
2,88,031133223021,0,2
2,89,031133223020,0,2
2,90,031133223032,0,2
2,91,031133223023,0,2
2,92,031133223033,0,2
2,93,031133223122,0,2
2,94,031133223201,0,2
2,95,031133223211,0,2
2,96,031133223300,0,2
2,97,031133223303,0,2
2,98,031133223312,0,2
2,99,031133223331,0,2
2,100,031133223321,0,2
2,101,031133223330,0,2
2,102,031133223202,0,2
2,103,031133223212,0,2
2,104,031133223213,0,2
2,105,031133223220,0,2
2,106,031133223320,0,2
2,107,031133232220,0,2
2,108,031133223231,0,2
2,109,031133223233,0,2
2,110,031133223301,0,2
2,111,031133223310,0,2
2,112,031133223302,0,2
2,113,031133223313,0,2
2,114,031133223322,0,2
2,115,031133223323,0,2
2,116,031133223332,0,2
2,117,031133223333,0,2
2,118,031133232200,0,2
2,119,031133232202,0,2
2,120,031133232210,0,2
2,121,031133232221,0,2
2,122,031133232222,0,2
2,123,031133232223,0,2
2,124,031133232230,0,2
2,125,031133232232,0,2
2,126,031311001033,0,2
2,127,031311010000,0,2
2,128,031133232201,0,2
2,129,031133232203,0,2
2,130,031311010001,0,2
2,131,031311010010,0,2
2,132,031133232233,0,2
2,133,031311001011,0,2
2,134,031311001010,0,2
2,135,031311001012,0,2
2,136,031311001021,0,2
2,137,031311001102,0,2
2,138,031311001111,0,2
2,139,031311001122,0,2
2,140,031133233211,0,2
2,141,031311001030,0,2
2,142,031311001110,0,2
2,143,031311001231,0,2
2,144,031311010011,0,2
2,145,031133232011,0,2
2,146,031133232013,0,2
2,147,031133232022,0,2
2,148,031133232023,0,2
2,149,031133232033,0,2
2,150,031133232100,0,2
2,151,031133232120,0,2
2,152,031133232122,0,2
2,153,031133232123,0,2
2,154,031133232211,0,2
2,155,031133232212,0,2
2,156,031133232213,0,2
2,157,031133232231,0,2
2,158,031133232312,0,2
2,159,031133232313,0,2
2,160,031133232321,0,2
2,161,031133232322,0,2
2,162,031133232330,0,2
2,163,031133232331,0,2
2,164,031133233021,0,2
2,165,031133233200,0,2
2,166,031311001002,0,2
2,167,031311001031,0,2
2,168,031311001120,0,2
2,169,031311001123,0,2
2,170,031311001132,0,2
2,171,031311001211,0,2
2,172,031311001213,0,2
2,173,031311001331,0,2
2,174,031311010003,0,2
2,175,031311010012,0,2
2,176,031311010021,0,2
2,177,031311010031,0,2
2,178,031311010100,0,2
2,179,031311010102,0,2
2,180,031133230032,0,2
2,181,031133230122,0,2
2,182,031133230131,0,2
2,183,031133230223,0,2
2,184,031133230232,0,2
2,185,031133230303,0,2
2,186,031133230320,0,2
2,187,031133230313,0,2
2,188,031133231002,0,2
2,189,031133231021,0,2
2,190,031133231023,0,2
2,191,031133231201,0,2
2,192,031133231000,0,2
2,193,031133231032,0,2
2,194,031133231033,0,2
2,195,031133231210,0,2
2,196,031133231211,0,2
2,197,031133231102,0,2
2,198,031133231120,0,2
2,199,031133231131,0,2
2,200,031133320002,0,2
2,201,031133231111,0,2
2,202,031133231031,0,2
2,203,031133231311,0,2
2,204,031133231323,0,2
2,205,031133231133,0,2
2,206,031133231222,0,2
2,207,031133231223,0,2
2,208,031133231233,0,2
2,209,031133231301,0,2
2,210,031133231303,0,2
2,211,031133231320,0,2
2,212,031133231322,0,2
2,213,031133233001,0,2
2,214,031133233002,0,2
2,215,031133233003,0,2
2,216,031133233010,0,2
2,217,031133233011,0,2
2,218,031133233013,0,2
2,219,031133233020,0,2
2,220,031133233100,0,2
2,221,031133231302,0,2
2,222,031133232010,0,2
2,223,031133232101,0,2
2,224,031133232102,0,2
2,225,031133232012,0,2
2,226,031133232031,0,2
2,227,031133232103,0,2
2,228,031133232121,0,2
2,229,031133232032,0,2
2,230,031133232132,0,2
2,231,031133232113,0,2
2,232,031133232133,0,2
2,233,031133232300,0,2
2,234,031133232301,0,2
2,235,031133232310,0,2
2,236,031133233201,0,2
2,237,031133233210,0,2
2,238,031133233202,0,2
2,239,031133232303,0,2
2,240,031133232323,0,2
2,241,031133233212,0,2
2,242,031133233203,0,2
2,243,031133233220,0,2
2,244,031133233302,0,2
2,245,031133232320,0,2
2,246,031133232131,0,2
2,247,031133233012,0,2
2,248,031133233023,0,2
2,249,031133233133,0,2
2,250,031133233310,0,2
2,251,031133233231,0,2
2,252,031133233300,0,2
2,253,031133233213,0,2
2,254,031133233301,0,2
2,255,031133233303,0,2
2,256,031133233320,0,2
2,257,031133233321,0,2
2,258,031133233312,0,2
2,259,031133322021,0,2
2,260,031133322033,0,2
2,261,031133322200,0,2
2,262,031311011031,0,2
2,263,031311100022,0,2
2,264,031133233311,0,2
2,265,031133322020,0,2
2,266,031133300101,0,2
2,267,031133300102,0,2
2,268,031133300103,0,2
2,269,031133300121,0,2
2,270,031133300132,0,2
2,271,031133300113,0,2
2,272,031133300131,0,2
2,273,031133300123,0,2
2,274,031133300311,0,2
2,275,031133300313,0,2
2,276,031133300332,0,2
2,277,031133301002,0,2
2,278,031133300213,0,2
2,279,031133300310,0,2
2,280,031133300202,0,2
2,281,031133300210,0,2
2,282,031133302121,0,2
2,283,031133302032,0,2
2,284,031133302033,0,2
2,285,031133302122,0,2
2,286,031133302213,0,2
2,287,031133302221,0,2
2,288,031133320221,0,2
2,289,031133322022,0,2
2,290,031133322032,0,2
2,291,031133322323,0,2
2,292,031311100101,0,2
2,293,031310111000,0,2
2,294,031310111021,0,2
2,295,031311000220,0,2
2,296,031311000222,0,2
2,297,031311001121,0,2
2,298,031311001133,0,2
2,299,031311001300,0,2
2,300,031311001312,0,2
2,301,031311001233,0,2
2,302,031311001302,0,2
2,303,031311001320,0,2
2,304,031311001321,0,2
2,305,031311003010,0,2
2,306,031311001303,0,2
2,307,031311001330,0,2
2,308,031311003100,0,2
2,309,031311003103,0,2
2,310,031311010222,0,2
2,311,031311010203,0,2
2,312,031311010232,0,2
2,313,031311010013,0,2
2,314,031311010033,0,2
2,315,031311010121,0,2
2,316,031311010103,0,2
2,317,031311010112,0,2
2,318,031311010120,0,2
2,319,031311012011,0,2
2,320,031311011120,0,2
2,321,031311011123,0,2
2,322,031311011133,0,2
2,323,031311011311,0,2
2,324,031311100220,0,2
2,325,031311100222,0,2
2,326,031311012312,0,2
2,327,031311012313,0,2
2,328,031311012330,0,2
2,329,031311012331,0,2
2,330,031311013200,0,2
2,331,031311013203,0,2
2,332,031311013232,0,2
2,333,031311013233,0,2
2,334,031311030011,0,2
2,335,031311030100,0,2
2,336,031311013201,0,2
2,337,031311013323,0,2
2,338,031311031112,0,2
2,339,031311013301,0,2
2,340,031311020112,0,2
2,341,031311020113,0,2
2,342,031311020130,0,2
2,343,031311021003,0,2
2,344,031311021100,0,2
2,345,031311021101,0,2
2,346,031311030021,0,2
2,347,031311030030,0,2
2,348,031311030102,0,2
2,349,031311100002,0,2
2,350,031311100021,0,2
2,351,031311100023,0,2
2,352,031311100122,0,2
2,353,031311100201,0,2
2,354,031133322332,0,2
2,355,031311100301,0,2
3,0,031133010303,0,3
3,1,031133010311,1,3
3,2,031133011200,2,3
3,3,031133013100,3,3
3,4,031133011220,2,3
3,5,031133011322,3,3
3,6,031133023111,3,3
3,7,031133023110,4,3
3,8,031133023121,5,3
3,9,031133030203,6,3
3,10,031133023120,4,3
3,11,031133023123,7,3
3,12,031133023301,7,3
3,13,031133032202,0,3
3,14,031133023313,0,3
3,15,031133032023,7,3
3,16,031133032112,4,3
3,17,031133032130,4,3
3,18,031133032113,8,3
3,19,031133033012,8,3
3,20,031133032120,8,3
3,21,031133032332,9,3
3,22,031133210110,10,3
3,23,031133033000,1,3
3,24,031133033003,9,3
3,25,031133033010,11,3
3,26,031133033013,11,3
3,27,031133033030,2,3
3,28,031133033033,1,3
3,29,031133033102,0,3
3,30,031133033110,0,3
3,31,031133033132,0,3
3,32,031133033211,0,3
3,33,031133033302,0,3
3,34,031133033111,0,3
3,35,031133122202,0,3
3,36,031133033213,0,3
3,37,031133122033,0,3
3,38,031133122122,0,3
3,39,031133122232,0,3
3,40,031133300100,0,3
3,41,031133122323,0,3
3,42,031133123000,0,3
3,43,031133122111,0,3
3,44,031133123211,0,3
3,45,031133123023,0,3
3,46,031133123030,0,3
3,47,031133123212,0,3
3,48,031133123222,0,3
3,49,031133123230,0,3
3,50,031133300130,0,3
3,51,031133300133,0,3
3,52,031133301020,0,3
3,53,031133301200,0,3
3,54,031133202121,0,3
3,55,031133202130,0,3
3,56,031133210120,0,3
3,57,031133212231,0,3
3,58,031133212320,0,3
3,59,031133212301,0,3
3,60,031133212303,0,3
3,61,031133212333,0,3
3,62,031133231022,0,3
3,63,031133213223,0,3
3,64,031133213232,0,3
3,65,031133213231,0,3
3,66,031133231010,0,3
3,67,031133231020,0,3
3,68,031133213303,0,3
3,69,031133213330,0,3
3,70,031133213331,0,3
3,71,031133231103,0,3
3,72,031133231112,0,3
3,73,031133231113,0,3
3,74,031133231130,0,3
3,75,031133302201,0,3
3,76,031133302211,0,3
3,77,031133302220,0,3
3,78,031133302232,0,3
3,79,031133220023,0,3
3,80,031133220030,0,3
3,81,031133220120,0,3
3,82,031133222030,0,3
3,83,031133222230,0,3
3,84,031133222133,0,3
3,85,031133222311,0,3
3,86,031133222313,0,3
3,87,031133223003,0,3
3,88,031133223021,0,3
3,89,031133223020,0,3
3,90,031133223032,0,3
3,91,031133223023,0,3
3,92,031133223033,0,3
3,93,031133223122,0,3
3,94,031133223201,0,3
3,95,031133223211,0,3
3,96,031133223300,0,3
3,97,031133223303,0,3
3,98,031133223312,0,3
3,99,031133223331,0,3
3,100,031133223321,0,3
3,101,031133223330,0,3
3,102,031133223202,0,3
3,103,031133223212,0,3
3,104,031133223213,0,3
3,105,031133223220,0,3
3,106,031133223320,0,3
3,107,031133232220,0,3
3,108,031133223231,0,3
3,109,031133223233,0,3
3,110,031133223301,0,3
3,111,031133223310,0,3
3,112,031133223302,0,3
3,113,031133223313,0,3
3,114,031133223322,0,3
3,115,031133223323,0,3
3,116,031133223332,0,3
3,117,031133223333,0,3
3,118,031133232200,0,3
3,119,031133232202,0,3
3,120,031133232210,0,3
3,121,031133232221,0,3
3,122,031133232222,0,3
3,123,031133232223,0,3
3,124,031133232230,0,3
3,125,031133232232,0,3
3,126,031311001033,0,3
3,127,031311010000,0,3
3,128,031133232201,0,3
3,129,031133232203,0,3
3,130,031311010001,0,3
3,131,031311010010,0,3
3,132,031133232233,0,3
3,133,031311001011,0,3
3,134,031311001010,0,3
3,135,031311001012,0,3
3,136,031311001021,0,3
3,137,031311001102,0,3
3,138,031311001111,0,3
3,139,031311001122,0,3
3,140,031133233211,0,3
3,141,031311001030,0,3
3,142,031311001110,0,3
3,143,031311001231,0,3
3,144,031311010011,0,3
3,145,031133232011,0,3
3,146,031133232013,0,3
3,147,031133232022,0,3
3,148,031133232023,0,3
3,149,031133232033,0,3
3,150,031133232100,0,3
3,151,031133232120,0,3
3,152,031133232122,0,3
3,153,031133232123,0,3
3,154,031133232211,0,3
3,155,031133232212,0,3
3,156,031133232213,0,3
3,157,031133232231,0,3
3,158,031133232312,0,3
3,159,031133232313,0,3
3,160,031133232321,0,3
3,161,031133232322,0,3
3,162,031133232330,0,3
3,163,031133232331,0,3
3,164,031133233021,0,3
3,165,031133233200,0,3
3,166,031311001002,0,3
3,167,031311001031,0,3
3,168,031311001120,0,3
3,169,031311001123,0,3
3,170,031311001132,0,3
3,171,031311001211,0,3
3,172,031311001213,0,3
3,173,031311001331,0,3
3,174,031311010003,0,3
3,175,031311010012,0,3
3,176,031311010021,0,3
3,177,031311010031,0,3
3,178,031311010100,0,3
3,179,031311010102,0,3
3,180,031133230032,0,3
3,181,031133230122,0,3
3,182,031133230131,0,3
3,183,031133230223,0,3
3,184,031133230232,0,3
3,185,031133230303,0,3
3,186,031133230320,0,3
3,187,031133230313,0,3
3,188,031133231002,0,3
3,189,031133231021,0,3
3,190,031133231023,0,3
3,191,031133231201,0,3
3,192,031133231000,0,3
3,193,031133231032,0,3
3,194,031133231033,0,3
3,195,031133231210,0,3
3,196,031133231211,0,3
3,197,031133231102,0,3
3,198,031133231120,0,3
3,199,031133231131,0,3
3,200,031133320002,0,3
3,201,031133231111,0,3
3,202,031133231031,0,3
3,203,031133231311,0,3
3,204,031133231323,0,3
3,205,031133231133,0,3
3,206,031133231222,0,3
3,207,031133231223,0,3
3,208,031133231233,0,3
3,209,031133231301,0,3
3,210,031133231303,0,3
3,211,031133231320,0,3
3,212,031133231322,0,3
3,213,031133233001,0,3
3,214,031133233002,0,3
3,215,031133233003,0,3
3,216,031133233010,0,3
3,217,031133233011,0,3
3,218,031133233013,0,3
3,219,031133233020,0,3
3,220,031133233100,0,3
3,221,031133231302,0,3
3,222,031133232010,0,3
3,223,031133232101,0,3
3,224,031133232102,0,3
3,225,031133232012,0,3
3,226,031133232031,0,3
3,227,031133232103,0,3
3,228,031133232121,0,3
3,229,031133232032,0,3
3,230,031133232132,0,3
3,231,031133232113,0,3
3,232,031133232133,0,3
3,233,031133232300,0,3
3,234,031133232301,0,3
3,235,031133232310,0,3
3,236,031133233201,0,3
3,237,031133233210,0,3
3,238,031133233202,0,3
3,239,031133232303,0,3
3,240,031133232323,0,3
3,241,031133233212,0,3
3,242,031133233203,0,3
3,243,031133233220,0,3
3,244,031133233302,0,3
3,245,031133232320,0,3
3,246,031133232131,0,3
3,247,031133233012,0,3
3,248,031133233023,0,3
3,249,031133233133,0,3
3,250,031133233310,0,3
3,251,031133233231,0,3
3,252,031133233300,0,3
3,253,031133233213,0,3
3,254,031133233301,0,3
3,255,031133233303,0,3
3,256,031133233320,0,3
3,257,031133233321,0,3
3,258,031133233312,0,3
3,259,031133322021,0,3
3,260,031133322033,0,3
3,261,031133322200,0,3
3,262,031311011031,0,3
3,263,031311100022,0,3
3,264,031133233311,0,3
3,265,031133322020,0,3
3,266,031133300101,0,3
3,267,031133300102,0,3
3,268,031133300103,0,3
3,269,031133300121,0,3
3,270,031133300132,0,3
3,271,031133300113,0,3
3,272,031133300131,0,3
3,273,031133300123,0,3
3,274,031133300311,0,3
3,275,031133300313,0,3
3,276,031133300332,0,3
3,277,031133301002,0,3
3,278,031133300213,0,3
3,279,031133300310,0,3
3,280,031133300202,0,3
3,281,031133300210,0,3
3,282,031133302121,0,3
3,283,031133302032,0,3
3,284,031133302033,0,3
3,285,031133302122,0,3
3,286,031133302213,0,3
3,287,031133302221,0,3
3,288,031133320221,0,3
3,289,031133322022,0,3
3,290,031133322032,0,3
3,291,031133322323,0,3
3,292,031311100101,0,3
3,293,031310111000,0,3
3,294,031310111021,0,3
3,295,031311000220,0,3
3,296,031311000222,0,3
3,297,031311001121,0,3
3,298,031311001133,0,3
3,299,031311001300,0,3
3,300,031311001312,0,3
3,301,031311001233,0,3
3,302,031311001302,0,3
3,303,031311001320,0,3
3,304,031311001321,0,3
3,305,031311003010,0,3
3,306,031311001303,0,3
3,307,031311001330,0,3
3,308,031311003100,0,3
3,309,031311003103,0,3
3,310,031311010222,0,3
3,311,031311010203,0,3
3,312,031311010232,0,3
3,313,031311010013,0,3
3,314,031311010033,0,3
3,315,031311010121,0,3
3,316,031311010103,0,3
3,317,031311010112,0,3
3,318,031311010120,0,3
3,319,031311012011,0,3
3,320,031311011120,0,3
3,321,031311011123,0,3
3,322,031311011133,0,3
3,323,031311011311,0,3
3,324,031311100220,0,3
3,325,031311100222,0,3
3,326,031311012312,0,3
3,327,031311012313,0,3
3,328,031311012330,0,3
3,329,031311012331,0,3
3,330,031311013200,0,3
3,331,031311013203,0,3
3,332,031311013232,0,3
3,333,031311013233,0,3
3,334,031311030011,0,3
3,335,031311030100,0,3
3,336,031311013201,0,3
3,337,031311013323,0,3
3,338,031311031112,0,3
3,339,031311013301,0,3
3,340,031311020112,0,3
3,341,031311020113,0,3
3,342,031311020130,0,3
3,343,031311021003,0,3
3,344,031311021100,0,3
3,345,031311021101,0,3
3,346,031311030021,0,3
3,347,031311030030,0,3
3,348,031311030102,0,3
3,349,031311100002,0,3
3,350,031311100021,0,3
3,351,031311100023,0,3
3,352,031311100122,0,3
3,353,031311100201,0,3
3,354,031133322332,0,3
3,355,031311100301,0,3
4,0,031133010303,0,4
4,1,031133010311,1,4
4,2,031133011200,2,4
4,3,031133013100,2,4
4,4,031133011220,0,4
4,5,031133011322,0,4
4,6,031133023111,0,4
4,7,031133023110,0,4
4,8,031133023121,3,4
4,9,031133030203,1,4
4,10,031133023120,1,4
4,11,031133023123,4,4
4,12,031133023301,0,4
4,13,031133032202,0,4
4,14,031133023313,0,4
4,15,031133032023,0,4
4,16,031133032112,0,4
4,17,031133032130,0,4
4,18,031133032113,0,4
4,19,031133033012,0,4
4,20,031133032120,0,4
4,21,031133032332,0,4
4,22,031133210110,0,4
4,23,031133033000,0,4
4,24,031133033003,0,4
4,25,031133033010,0,4
4,26,031133033013,0,4
4,27,031133033030,0,4
4,28,031133033033,0,4
4,29,031133033102,0,4
4,30,031133033110,0,4
4,31,031133033132,0,4
4,32,031133033211,0,4
4,33,031133033302,0,4
4,34,031133033111,0,4
4,35,031133122202,0,4
4,36,031133033213,0,4
4,37,031133122033,0,4
4,38,031133122122,0,4
4,39,031133122232,0,4
4,40,031133300100,0,4
4,41,031133122323,0,4
4,42,031133123000,0,4
4,43,031133122111,0,4
4,44,031133123211,0,4
4,45,031133123023,0,4
4,46,031133123030,0,4
4,47,031133123212,0,4
4,48,031133123222,0,4
4,49,031133123230,0,4
4,50,031133300130,0,4
4,51,031133300133,0,4
4,52,031133301020,0,4
4,53,031133301200,0,4
4,54,031133202121,0,4
4,55,031133202130,0,4
4,56,031133210120,0,4
4,57,031133212231,0,4
4,58,031133212320,0,4
4,59,031133212301,0,4
4,60,031133212303,0,4
4,61,031133212333,0,4
4,62,031133231022,0,4
4,63,031133213223,0,4
4,64,031133213232,0,4
4,65,031133213231,0,4
4,66,031133231010,0,4
4,67,031133231020,0,4
4,68,031133213303,0,4
4,69,031133213330,0,4
4,70,031133213331,0,4
4,71,031133231103,0,4
4,72,031133231112,0,4
4,73,031133231113,0,4
4,74,031133231130,0,4
4,75,031133302201,0,4
4,76,031133302211,0,4
4,77,031133302220,0,4
4,78,031133302232,0,4
4,79,031133220023,0,4
4,80,031133220030,0,4
4,81,031133220120,0,4
4,82,031133222030,0,4
4,83,031133222230,0,4
4,84,031133222133,0,4
4,85,031133222311,0,4
4,86,031133222313,0,4
4,87,031133223003,0,4
4,88,031133223021,0,4
4,89,031133223020,0,4
4,90,031133223032,0,4
4,91,031133223023,0,4
4,92,031133223033,0,4
4,93,031133223122,0,4
4,94,031133223201,0,4
4,95,031133223211,0,4
4,96,031133223300,0,4
4,97,031133223303,0,4
4,98,031133223312,0,4
4,99,031133223331,0,4
4,100,031133223321,0,4
4,101,031133223330,0,4
4,102,031133223202,0,4
4,103,031133223212,0,4
4,104,031133223213,0,4
4,105,031133223220,0,4
4,106,031133223320,0,4
4,107,031133232220,0,4
4,108,031133223231,0,4
4,109,031133223233,0,4
4,110,031133223301,0,4
4,111,031133223310,0,4
4,112,031133223302,0,4
4,113,031133223313,0,4
4,114,031133223322,0,4
4,115,031133223323,0,4
4,116,031133223332,0,4
4,117,031133223333,0,4
4,118,031133232200,0,4
4,119,031133232202,0,4
4,120,031133232210,0,4
4,121,031133232221,0,4
4,122,031133232222,0,4
4,123,031133232223,0,4
4,124,031133232230,0,4
4,125,031133232232,0,4
4,126,031311001033,0,4
4,127,031311010000,0,4
4,128,031133232201,0,4
4,129,031133232203,0,4
4,130,031311010001,0,4
4,131,031311010010,0,4
4,132,031133232233,0,4
4,133,031311001011,0,4
4,134,031311001010,0,4
4,135,031311001012,0,4
4,136,031311001021,0,4
4,137,031311001102,0,4
4,138,031311001111,0,4
4,139,031311001122,0,4
4,140,031133233211,0,4
4,141,031311001030,0,4
4,142,031311001110,0,4
4,143,031311001231,0,4
4,144,031311010011,0,4
4,145,031133232011,0,4
4,146,031133232013,0,4
4,147,031133232022,0,4
4,148,031133232023,0,4
4,149,031133232033,0,4
4,150,031133232100,0,4
4,151,031133232120,0,4
4,152,031133232122,0,4
4,153,031133232123,0,4
4,154,031133232211,0,4
4,155,031133232212,0,4
4,156,031133232213,0,4
4,157,031133232231,0,4
4,158,031133232312,0,4
4,159,031133232313,0,4
4,160,031133232321,0,4
4,161,031133232322,0,4
4,162,031133232330,0,4
4,163,031133232331,0,4
4,164,031133233021,0,4
4,165,031133233200,0,4
4,166,031311001002,0,4
4,167,031311001031,0,4
4,168,031311001120,0,4
4,169,031311001123,0,4
4,170,031311001132,0,4
4,171,031311001211,0,4
4,172,031311001213,0,4
4,173,031311001331,0,4
4,174,031311010003,0,4
4,175,031311010012,0,4
4,176,031311010021,0,4
4,177,031311010031,0,4
4,178,031311010100,0,4
4,179,031311010102,0,4
4,180,031133230032,0,4
4,181,031133230122,0,4
4,182,031133230131,0,4
4,183,031133230223,0,4
4,184,031133230232,0,4
4,185,031133230303,0,4
4,186,031133230320,0,4
4,187,031133230313,0,4
4,188,031133231002,0,4
4,189,031133231021,0,4
4,190,031133231023,0,4
4,191,031133231201,0,4
4,192,031133231000,0,4
4,193,031133231032,0,4
4,194,031133231033,0,4
4,195,031133231210,0,4
4,196,031133231211,0,4
4,197,031133231102,0,4
4,198,031133231120,0,4
4,199,031133231131,0,4
4,200,031133320002,0,4
4,201,031133231111,0,4
4,202,031133231031,0,4
4,203,031133231311,0,4
4,204,031133231323,0,4
4,205,031133231133,0,4
4,206,031133231222,0,4
4,207,031133231223,0,4
4,208,031133231233,0,4
4,209,031133231301,0,4
4,210,031133231303,0,4
4,211,031133231320,0,4
4,212,031133231322,0,4
4,213,031133233001,0,4
4,214,031133233002,0,4
4,215,031133233003,0,4
4,216,031133233010,0,4
4,217,031133233011,0,4
4,218,031133233013,0,4
4,219,031133233020,0,4
4,220,031133233100,0,4
4,221,031133231302,0,4
4,222,031133232010,0,4
4,223,031133232101,0,4
4,224,031133232102,0,4
4,225,031133232012,0,4
4,226,031133232031,0,4
4,227,031133232103,0,4
4,228,031133232121,0,4
4,229,031133232032,0,4
4,230,031133232132,0,4
4,231,031133232113,0,4
4,232,031133232133,0,4
4,233,031133232300,0,4
4,234,031133232301,0,4
4,235,031133232310,0,4
4,236,031133233201,0,4
4,237,031133233210,0,4
4,238,031133233202,0,4
4,239,031133232303,0,4
4,240,031133232323,0,4
4,241,031133233212,0,4
4,242,031133233203,0,4
4,243,031133233220,0,4
4,244,031133233302,0,4
4,245,031133232320,0,4
4,246,031133232131,0,4
4,247,031133233012,0,4
4,248,031133233023,0,4
4,249,031133233133,0,4
4,250,031133233310,0,4
4,251,031133233231,0,4
4,252,031133233300,0,4
4,253,031133233213,0,4
4,254,031133233301,0,4
4,255,031133233303,0,4
4,256,031133233320,0,4
4,257,031133233321,0,4
4,258,031133233312,0,4
4,259,031133322021,0,4
4,260,031133322033,0,4
4,261,031133322200,0,4
4,262,031311011031,0,4
4,263,031311100022,0,4
4,264,031133233311,0,4
4,265,031133322020,0,4
4,266,031133300101,0,4
4,267,031133300102,0,4
4,268,031133300103,0,4
4,269,031133300121,0,4
4,270,031133300132,0,4
4,271,031133300113,0,4
4,272,031133300131,0,4
4,273,031133300123,0,4
4,274,031133300311,0,4
4,275,031133300313,0,4
4,276,031133300332,0,4
4,277,031133301002,0,4
4,278,031133300213,0,4
4,279,031133300310,0,4
4,280,031133300202,0,4
4,281,031133300210,0,4
4,282,031133302121,0,4
4,283,031133302032,0,4
4,284,031133302033,0,4
4,285,031133302122,0,4
4,286,031133302213,0,4
4,287,031133302221,0,4
4,288,031133320221,0,4
4,289,031133322022,0,4
4,290,031133322032,0,4
4,291,031133322323,0,4
4,292,031311100101,0,4
4,293,031310111000,0,4
4,294,031310111021,0,4
4,295,031311000220,0,4
4,296,031311000222,0,4
4,297,031311001121,0,4
4,298,031311001133,0,4
4,299,031311001300,0,4
4,300,031311001312,0,4
4,301,031311001233,0,4
4,302,031311001302,0,4
4,303,031311001320,0,4
4,304,031311001321,0,4
4,305,031311003010,0,4
4,306,031311001303,0,4
4,307,031311001330,0,4
4,308,031311003100,0,4
4,309,031311003103,0,4
4,310,031311010222,0,4
4,311,031311010203,0,4
4,312,031311010232,0,4
4,313,031311010013,0,4
4,314,031311010033,0,4
4,315,031311010121,0,4
4,316,031311010103,0,4
4,317,031311010112,0,4
4,318,031311010120,0,4
4,319,031311012011,0,4
4,320,031311011120,0,4
4,321,031311011123,0,4
4,322,031311011133,0,4
4,323,031311011311,0,4
4,324,031311100220,0,4
4,325,031311100222,0,4
4,326,031311012312,0,4
4,327,031311012313,0,4
4,328,031311012330,0,4
4,329,031311012331,0,4
4,330,031311013200,0,4
4,331,031311013203,0,4
4,332,031311013232,0,4
4,333,031311013233,0,4
4,334,031311030011,0,4
4,335,031311030100,0,4
4,336,031311013201,0,4
4,337,031311013323,0,4
4,338,031311031112,0,4
4,339,031311013301,0,4
4,340,031311020112,0,4
4,341,031311020113,0,4
4,342,031311020130,0,4
4,343,031311021003,0,4
4,344,031311021100,0,4
4,345,031311021101,0,4
4,346,031311030021,0,4
4,347,031311030030,0,4
4,348,031311030102,0,4
4,349,031311100002,0,4
4,350,031311100021,0,4
4,351,031311100023,0,4
4,352,031311100122,0,4
4,353,031311100201,0,4
4,354,031133322332,0,4
4,355,031311100301,0,4
5,0,031133010303,0,5
5,1,031133010311,1,5
5,2,031133011200,1,5
5,3,031133013100,2,5
5,4,031133011220,3,5
5,5,031133011322,0,5
5,6,031133023111,0,5
5,7,031133023110,0,5
5,8,031133023121,0,5
5,9,031133030203,0,5
5,10,031133023120,0,5
5,11,031133023123,0,5
5,12,031133023301,0,5
5,13,031133032202,0,5
5,14,031133023313,0,5
5,15,031133032023,0,5
5,16,031133032112,0,5
5,17,031133032130,0,5
5,18,031133032113,0,5
5,19,031133033012,0,5
5,20,031133032120,0,5
5,21,031133032332,0,5
5,22,031133210110,0,5
5,23,031133033000,0,5
5,24,031133033003,0,5
5,25,031133033010,0,5
5,26,031133033013,0,5
5,27,031133033030,0,5
5,28,031133033033,0,5
5,29,031133033102,0,5
5,30,031133033110,0,5
5,31,031133033132,0,5
5,32,031133033211,0,5
5,33,031133033302,0,5
5,34,031133033111,0,5
5,35,031133122202,0,5
5,36,031133033213,0,5
5,37,031133122033,0,5
5,38,031133122122,0,5
5,39,031133122232,0,5
5,40,031133300100,0,5
5,41,031133122323,0,5
5,42,031133123000,0,5
5,43,031133122111,0,5
5,44,031133123211,0,5
5,45,031133123023,0,5
5,46,031133123030,0,5
5,47,031133123212,0,5
5,48,031133123222,0,5
5,49,031133123230,0,5
5,50,031133300130,0,5
5,51,031133300133,0,5
5,52,031133301020,0,5
5,53,031133301200,0,5
5,54,031133202121,0,5
5,55,031133202130,0,5
5,56,031133210120,0,5
5,57,031133212231,0,5
5,58,031133212320,0,5
5,59,031133212301,0,5
5,60,031133212303,0,5
5,61,031133212333,0,5
5,62,031133231022,0,5
5,63,031133213223,0,5
5,64,031133213232,0,5
5,65,031133213231,0,5
5,66,031133231010,0,5
5,67,031133231020,0,5
5,68,031133213303,0,5
5,69,031133213330,0,5
5,70,031133213331,0,5
5,71,031133231103,0,5
5,72,031133231112,0,5
5,73,031133231113,0,5
5,74,031133231130,0,5
5,75,031133302201,0,5
5,76,031133302211,0,5
5,77,031133302220,0,5
5,78,031133302232,0,5
5,79,031133220023,0,5
5,80,031133220030,0,5
5,81,031133220120,0,5
5,82,031133222030,0,5
5,83,031133222230,0,5
5,84,031133222133,0,5
5,85,031133222311,0,5
5,86,031133222313,0,5
5,87,031133223003,0,5
5,88,031133223021,0,5
5,89,031133223020,0,5
5,90,031133223032,0,5
5,91,031133223023,0,5
5,92,031133223033,0,5
5,93,031133223122,0,5
5,94,031133223201,0,5
5,95,031133223211,0,5
5,96,031133223300,0,5
5,97,031133223303,0,5
5,98,031133223312,0,5
5,99,031133223331,0,5
5,100,031133223321,0,5
5,101,031133223330,0,5
5,102,031133223202,0,5
5,103,031133223212,0,5
5,104,031133223213,0,5
5,105,031133223220,0,5
5,106,031133223320,0,5
5,107,031133232220,0,5
5,108,031133223231,0,5
5,109,031133223233,0,5
5,110,031133223301,0,5
5,111,031133223310,0,5
5,112,031133223302,0,5
5,113,031133223313,0,5
5,114,031133223322,0,5
5,115,031133223323,0,5
5,116,031133223332,0,5
5,117,031133223333,0,5
5,118,031133232200,0,5
5,119,031133232202,0,5
5,120,031133232210,0,5
5,121,031133232221,0,5
5,122,031133232222,0,5
5,123,031133232223,0,5
5,124,031133232230,0,5
5,125,031133232232,0,5
5,126,031311001033,0,5
5,127,031311010000,0,5
5,128,031133232201,0,5
5,129,031133232203,0,5
5,130,031311010001,0,5
5,131,031311010010,0,5
5,132,031133232233,0,5
5,133,031311001011,0,5
5,134,031311001010,0,5
5,135,031311001012,0,5
5,136,031311001021,0,5
5,137,031311001102,0,5
5,138,031311001111,0,5
5,139,031311001122,0,5
5,140,031133233211,0,5
5,141,031311001030,0,5
5,142,031311001110,0,5
5,143,031311001231,0,5
5,144,031311010011,0,5
5,145,031133232011,0,5
5,146,031133232013,0,5
5,147,031133232022,0,5
5,148,031133232023,0,5
5,149,031133232033,0,5
5,150,031133232100,0,5
5,151,031133232120,0,5
5,152,031133232122,0,5
5,153,031133232123,0,5
5,154,031133232211,0,5
5,155,031133232212,0,5
5,156,031133232213,0,5
5,157,031133232231,0,5
5,158,031133232312,0,5
5,159,031133232313,0,5
5,160,031133232321,0,5
5,161,031133232322,0,5
5,162,031133232330,0,5
5,163,031133232331,0,5
5,164,031133233021,0,5
5,165,031133233200,0,5
5,166,031311001002,0,5
5,167,031311001031,0,5
5,168,031311001120,0,5
5,169,031311001123,0,5
5,170,031311001132,0,5
5,171,031311001211,0,5
5,172,031311001213,0,5
5,173,031311001331,0,5
5,174,031311010003,0,5
5,175,031311010012,0,5
5,176,031311010021,0,5
5,177,031311010031,0,5
5,178,031311010100,0,5
5,179,031311010102,0,5
5,180,031133230032,0,5
5,181,031133230122,0,5
5,182,031133230131,0,5
5,183,031133230223,0,5
5,184,031133230232,0,5
5,185,031133230303,0,5
5,186,031133230320,0,5
5,187,031133230313,0,5
5,188,031133231002,0,5
5,189,031133231021,0,5
5,190,031133231023,0,5
5,191,031133231201,0,5
5,192,031133231000,0,5
5,193,031133231032,0,5
5,194,031133231033,0,5
5,195,031133231210,0,5
5,196,031133231211,0,5
5,197,031133231102,0,5
5,198,031133231120,0,5
5,199,031133231131,0,5
5,200,031133320002,0,5
5,201,031133231111,0,5
5,202,031133231031,0,5
5,203,031133231311,0,5
5,204,031133231323,0,5
5,205,031133231133,0,5
5,206,031133231222,0,5
5,207,031133231223,0,5
5,208,031133231233,0,5
5,209,031133231301,0,5
5,210,031133231303,0,5
5,211,031133231320,0,5
5,212,031133231322,0,5
5,213,031133233001,0,5
5,214,031133233002,0,5
5,215,031133233003,0,5
5,216,031133233010,0,5
5,217,031133233011,0,5
5,218,031133233013,0,5
5,219,031133233020,0,5
5,220,031133233100,0,5
5,221,031133231302,0,5
5,222,031133232010,0,5
5,223,031133232101,0,5
5,224,031133232102,0,5
5,225,031133232012,0,5
5,226,031133232031,0,5
5,227,031133232103,0,5
5,228,031133232121,0,5
5,229,031133232032,0,5
5,230,031133232132,0,5
5,231,031133232113,0,5
5,232,031133232133,0,5
5,233,031133232300,0,5
5,234,031133232301,0,5
5,235,031133232310,0,5
5,236,031133233201,0,5
5,237,031133233210,0,5
5,238,031133233202,0,5
5,239,031133232303,0,5
5,240,031133232323,0,5
5,241,031133233212,0,5
5,242,031133233203,0,5
5,243,031133233220,0,5
5,244,031133233302,0,5
5,245,031133232320,0,5
5,246,031133232131,0,5
5,247,031133233012,0,5
5,248,031133233023,0,5
5,249,031133233133,0,5
5,250,031133233310,0,5
5,251,031133233231,0,5
5,252,031133233300,0,5
5,253,031133233213,0,5
5,254,031133233301,0,5
5,255,031133233303,0,5
5,256,031133233320,0,5
5,257,031133233321,0,5
5,258,031133233312,0,5
5,259,031133322021,0,5
5,260,031133322033,0,5
5,261,031133322200,0,5
5,262,031311011031,0,5
5,263,031311100022,0,5
5,264,031133233311,0,5
5,265,031133322020,0,5
5,266,031133300101,0,5
5,267,031133300102,0,5
5,268,031133300103,0,5
5,269,031133300121,0,5
5,270,031133300132,0,5
5,271,031133300113,0,5
5,272,031133300131,0,5
5,273,031133300123,0,5
5,274,031133300311,0,5
5,275,031133300313,0,5
5,276,031133300332,0,5
5,277,031133301002,0,5
5,278,031133300213,0,5
5,279,031133300310,0,5
5,280,031133300202,0,5
5,281,031133300210,0,5
5,282,031133302121,0,5
5,283,031133302032,0,5
5,284,031133302033,0,5
5,285,031133302122,0,5
5,286,031133302213,0,5
5,287,031133302221,0,5
5,288,031133320221,0,5
5,289,031133322022,0,5
5,290,031133322032,0,5
5,291,031133322323,0,5
5,292,031311100101,0,5
5,293,031310111000,0,5
5,294,031310111021,0,5
5,295,031311000220,0,5
5,296,031311000222,0,5
5,297,031311001121,0,5
5,298,031311001133,0,5
5,299,031311001300,0,5
5,300,031311001312,0,5
5,301,031311001233,0,5
5,302,031311001302,0,5
5,303,031311001320,0,5
5,304,031311001321,0,5
5,305,031311003010,0,5
5,306,031311001303,0,5
5,307,031311001330,0,5
5,308,031311003100,0,5
5,309,031311003103,0,5
5,310,031311010222,0,5
5,311,031311010203,0,5
5,312,031311010232,0,5
5,313,031311010013,0,5
5,314,031311010033,0,5
5,315,031311010121,0,5
5,316,031311010103,0,5
5,317,031311010112,0,5
5,318,031311010120,0,5
5,319,031311012011,0,5
5,320,031311011120,0,5
5,321,031311011123,0,5
5,322,031311011133,0,5
5,323,031311011311,0,5
5,324,031311100220,0,5
5,325,031311100222,0,5
5,326,031311012312,0,5
5,327,031311012313,0,5
5,328,031311012330,0,5
5,329,031311012331,0,5
5,330,031311013200,0,5
5,331,031311013203,0,5
5,332,031311013232,0,5
5,333,031311013233,0,5
5,334,031311030011,0,5
5,335,031311030100,0,5
5,336,031311013201,0,5
5,337,031311013323,0,5
5,338,031311031112,0,5
5,339,031311013301,0,5
5,340,031311020112,0,5
5,341,031311020113,0,5
5,342,031311020130,0,5
5,343,031311021003,0,5
5,344,031311021100,0,5
5,345,031311021101,0,5
5,346,031311030021,0,5
5,347,031311030030,0,5
5,348,031311030102,0,5
5,349,031311100002,0,5
5,350,031311100021,0,5
5,351,031311100023,0,5
5,352,031311100122,0,5
5,353,031311100201,0,5
5,354,031133322332,0,5
5,355,031311100301,0,5
6,0,031133010303,0,6
6,1,031133010311,1,6
6,2,031133011200,2,6
6,3,031133013100,1,6
6,4,031133011220,0,6
6,5,031133011322,0,6
6,6,031133023111,0,6
6,7,031133023110,0,6
6,8,031133023121,0,6
6,9,031133030203,0,6
6,10,031133023120,0,6
6,11,031133023123,0,6
6,12,031133023301,0,6
6,13,031133032202,0,6
6,14,031133023313,0,6
6,15,031133032023,0,6
6,16,031133032112,0,6
6,17,031133032130,0,6
6,18,031133032113,0,6
6,19,031133033012,0,6
6,20,031133032120,0,6
6,21,031133032332,0,6
6,22,031133210110,0,6
6,23,031133033000,0,6
6,24,031133033003,0,6
6,25,031133033010,0,6
6,26,031133033013,0,6
6,27,031133033030,0,6
6,28,031133033033,0,6
6,29,031133033102,0,6
6,30,031133033110,0,6
6,31,031133033132,0,6
6,32,031133033211,0,6
6,33,031133033302,0,6
6,34,031133033111,0,6
6,35,031133122202,0,6
6,36,031133033213,0,6
6,37,031133122033,0,6
6,38,031133122122,0,6
6,39,031133122232,0,6
6,40,031133300100,0,6
6,41,031133122323,0,6
6,42,031133123000,0,6
6,43,031133122111,0,6
6,44,031133123211,0,6
6,45,031133123023,0,6
6,46,031133123030,0,6
6,47,031133123212,0,6
6,48,031133123222,0,6
6,49,031133123230,0,6
6,50,031133300130,0,6
6,51,031133300133,0,6
6,52,031133301020,0,6
6,53,031133301200,0,6
6,54,031133202121,0,6
6,55,031133202130,0,6
6,56,031133210120,0,6
6,57,031133212231,0,6
6,58,031133212320,0,6
6,59,031133212301,0,6
6,60,031133212303,0,6
6,61,031133212333,0,6
6,62,031133231022,0,6
6,63,031133213223,0,6
6,64,031133213232,0,6
6,65,031133213231,0,6
6,66,031133231010,0,6
6,67,031133231020,0,6
6,68,031133213303,0,6
6,69,031133213330,0,6
6,70,031133213331,0,6
6,71,031133231103,0,6
6,72,031133231112,0,6
6,73,031133231113,0,6
6,74,031133231130,0,6
6,75,031133302201,0,6
6,76,031133302211,0,6
6,77,031133302220,0,6
6,78,031133302232,0,6
6,79,031133220023,0,6
6,80,031133220030,0,6
6,81,031133220120,0,6
6,82,031133222030,0,6
6,83,031133222230,0,6
6,84,031133222133,0,6
6,85,031133222311,0,6
6,86,031133222313,0,6
6,87,031133223003,0,6
6,88,031133223021,0,6
6,89,031133223020,0,6
6,90,031133223032,0,6
6,91,031133223023,0,6
6,92,031133223033,0,6
6,93,031133223122,0,6
6,94,031133223201,0,6
6,95,031133223211,0,6
6,96,031133223300,0,6
6,97,031133223303,0,6
6,98,031133223312,0,6
6,99,031133223331,0,6
6,100,031133223321,0,6
6,101,031133223330,0,6
6,102,031133223202,0,6
6,103,031133223212,0,6
6,104,031133223213,0,6
6,105,031133223220,0,6
6,106,031133223320,0,6
6,107,031133232220,0,6
6,108,031133223231,0,6
6,109,031133223233,0,6
6,110,031133223301,0,6
6,111,031133223310,0,6
6,112,031133223302,0,6
6,113,031133223313,0,6
6,114,031133223322,0,6
6,115,031133223323,0,6
6,116,031133223332,0,6
6,117,031133223333,0,6
6,118,031133232200,0,6
6,119,031133232202,0,6
6,120,031133232210,0,6
6,121,031133232221,0,6
6,122,031133232222,0,6
6,123,031133232223,0,6
6,124,031133232230,0,6
6,125,031133232232,0,6
6,126,031311001033,0,6
6,127,031311010000,0,6
6,128,031133232201,0,6
6,129,031133232203,0,6
6,130,031311010001,0,6
6,131,031311010010,0,6
6,132,031133232233,0,6
6,133,031311001011,0,6
6,134,031311001010,0,6
6,135,031311001012,0,6
6,136,031311001021,0,6
6,137,031311001102,0,6
6,138,031311001111,0,6
6,139,031311001122,0,6
6,140,031133233211,0,6
6,141,031311001030,0,6
6,142,031311001110,0,6
6,143,031311001231,0,6
6,144,031311010011,0,6
6,145,031133232011,0,6
6,146,031133232013,0,6
6,147,031133232022,0,6
6,148,031133232023,0,6
6,149,031133232033,0,6
6,150,031133232100,0,6
6,151,031133232120,0,6
6,152,031133232122,0,6
6,153,031133232123,0,6
6,154,031133232211,0,6
6,155,031133232212,0,6
6,156,031133232213,0,6
6,157,031133232231,0,6
6,158,031133232312,0,6
6,159,031133232313,0,6
6,160,031133232321,0,6
6,161,031133232322,0,6
6,162,031133232330,0,6
6,163,031133232331,0,6
6,164,031133233021,0,6
6,165,031133233200,0,6
6,166,031311001002,0,6
6,167,031311001031,0,6
6,168,031311001120,0,6
6,169,031311001123,0,6
6,170,031311001132,0,6
6,171,031311001211,0,6
6,172,031311001213,0,6
6,173,031311001331,0,6
6,174,031311010003,0,6
6,175,031311010012,0,6
6,176,031311010021,0,6
6,177,031311010031,0,6
6,178,031311010100,0,6
6,179,031311010102,0,6
6,180,031133230032,0,6
6,181,031133230122,0,6
6,182,031133230131,0,6
6,183,031133230223,0,6
6,184,031133230232,0,6
6,185,031133230303,0,6
6,186,031133230320,0,6
6,187,031133230313,0,6
6,188,031133231002,0,6
6,189,031133231021,0,6
6,190,031133231023,0,6
6,191,031133231201,0,6
6,192,031133231000,0,6
6,193,031133231032,0,6
6,194,031133231033,0,6
6,195,031133231210,0,6
6,196,031133231211,0,6
6,197,031133231102,0,6
6,198,031133231120,0,6
6,199,031133231131,0,6
6,200,031133320002,0,6
6,201,031133231111,0,6
6,202,031133231031,0,6
6,203,031133231311,0,6
6,204,031133231323,0,6
6,205,031133231133,0,6
6,206,031133231222,0,6
6,207,031133231223,0,6
6,208,031133231233,0,6
6,209,031133231301,0,6
6,210,031133231303,0,6
6,211,031133231320,0,6
6,212,031133231322,0,6
6,213,031133233001,0,6
6,214,031133233002,0,6
6,215,031133233003,0,6
6,216,031133233010,0,6
6,217,031133233011,0,6
6,218,031133233013,0,6
6,219,031133233020,0,6
6,220,031133233100,0,6
6,221,031133231302,0,6
6,222,031133232010,0,6
6,223,031133232101,0,6
6,224,031133232102,0,6
6,225,031133232012,0,6
6,226,031133232031,0,6
6,227,031133232103,0,6
6,228,031133232121,0,6
6,229,031133232032,0,6
6,230,031133232132,0,6
6,231,031133232113,0,6
6,232,031133232133,0,6
6,233,031133232300,0,6
6,234,031133232301,0,6
6,235,031133232310,0,6
6,236,031133233201,0,6
6,237,031133233210,0,6
6,238,031133233202,0,6
6,239,031133232303,0,6
6,240,031133232323,0,6
6,241,031133233212,0,6
6,242,031133233203,0,6
6,243,031133233220,0,6
6,244,031133233302,0,6
6,245,031133232320,0,6
6,246,031133232131,0,6
6,247,031133233012,0,6
6,248,031133233023,0,6
6,249,031133233133,0,6
6,250,031133233310,0,6
6,251,031133233231,0,6
6,252,031133233300,0,6
6,253,031133233213,0,6
6,254,031133233301,0,6
6,255,031133233303,0,6
6,256,031133233320,0,6
6,257,031133233321,0,6
6,258,031133233312,0,6
6,259,031133322021,0,6
6,260,031133322033,0,6
6,261,031133322200,0,6
6,262,031311011031,0,6
6,263,031311100022,0,6
6,264,031133233311,0,6
6,265,031133322020,0,6
6,266,031133300101,0,6
6,267,031133300102,0,6
6,268,031133300103,0,6
6,269,031133300121,0,6
6,270,031133300132,0,6
6,271,031133300113,0,6
6,272,031133300131,0,6
6,273,031133300123,0,6
6,274,031133300311,0,6
6,275,031133300313,0,6
6,276,031133300332,0,6
6,277,031133301002,0,6
6,278,031133300213,0,6
6,279,031133300310,0,6
6,280,031133300202,0,6
6,281,031133300210,0,6
6,282,031133302121,0,6
6,283,031133302032,0,6
6,284,031133302033,0,6
6,285,031133302122,0,6
6,286,031133302213,0,6
6,287,031133302221,0,6
6,288,031133320221,0,6
6,289,031133322022,0,6
6,290,031133322032,0,6
6,291,031133322323,0,6
6,292,031311100101,0,6
6,293,031310111000,0,6
6,294,031310111021,0,6
6,295,031311000220,0,6
6,296,031311000222,0,6
6,297,031311001121,0,6
6,298,031311001133,0,6
6,299,031311001300,0,6
6,300,031311001312,0,6
6,301,031311001233,0,6
6,302,031311001302,0,6
6,303,031311001320,0,6
6,304,031311001321,0,6
6,305,031311003010,0,6
6,306,031311001303,0,6
6,307,031311001330,0,6
6,308,031311003100,0,6
6,309,031311003103,0,6
6,310,031311010222,0,6
6,311,031311010203,0,6
6,312,031311010232,0,6
6,313,031311010013,0,6
6,314,031311010033,0,6
6,315,031311010121,0,6
6,316,031311010103,0,6
6,317,031311010112,0,6
6,318,031311010120,0,6
6,319,031311012011,0,6
6,320,031311011120,0,6
6,321,031311011123,0,6
6,322,031311011133,0,6
6,323,031311011311,0,6
6,324,031311100220,0,6
6,325,031311100222,0,6
6,326,031311012312,0,6
6,327,031311012313,0,6
6,328,031311012330,0,6
6,329,031311012331,0,6
6,330,031311013200,0,6
6,331,031311013203,0,6
6,332,031311013232,0,6
6,333,031311013233,0,6
6,334,031311030011,0,6
6,335,031311030100,0,6
6,336,031311013201,0,6
6,337,031311013323,0,6
6,338,031311031112,0,6
6,339,031311013301,0,6
6,340,031311020112,0,6
6,341,031311020113,0,6
6,342,031311020130,0,6
6,343,031311021003,0,6
6,344,031311021100,0,6
6,345,031311021101,0,6
6,346,031311030021,0,6
6,347,031311030030,0,6
6,348,031311030102,0,6
6,349,031311100002,0,6
6,350,031311100021,0,6
6,351,031311100023,0,6
6,352,031311100122,0,6
6,353,031311100201,0,6
6,354,031133322332,0,6
6,355,031311100301,0,6
7,0,031133010303,0,7
7,1,031133010311,1,7
7,2,031133011200,1,7
7,3,031133013100,0,7
7,4,031133011220,0,7
7,5,031133011322,0,7
7,6,031133023111,0,7
7,7,031133023110,0,7
7,8,031133023121,0,7
7,9,031133030203,0,7
7,10,031133023120,0,7
7,11,031133023123,0,7
7,12,031133023301,0,7
7,13,031133032202,0,7
7,14,031133023313,0,7
7,15,031133032023,0,7
7,16,031133032112,0,7
7,17,031133032130,0,7
7,18,031133032113,0,7
7,19,031133033012,0,7
7,20,031133032120,0,7
7,21,031133032332,0,7
7,22,031133210110,0,7
7,23,031133033000,0,7
7,24,031133033003,0,7
7,25,031133033010,0,7
7,26,031133033013,0,7
7,27,031133033030,0,7
7,28,031133033033,0,7
7,29,031133033102,0,7
7,30,031133033110,0,7
7,31,031133033132,0,7
7,32,031133033211,0,7
7,33,031133033302,0,7
7,34,031133033111,0,7
7,35,031133122202,0,7
7,36,031133033213,0,7
7,37,031133122033,0,7
7,38,031133122122,0,7
7,39,031133122232,0,7
7,40,031133300100,0,7
7,41,031133122323,0,7
7,42,031133123000,0,7
7,43,031133122111,0,7
7,44,031133123211,0,7
7,45,031133123023,0,7
7,46,031133123030,0,7
7,47,031133123212,0,7
7,48,031133123222,0,7
7,49,031133123230,0,7
7,50,031133300130,0,7
7,51,031133300133,0,7
7,52,031133301020,0,7
7,53,031133301200,0,7
7,54,031133202121,0,7
7,55,031133202130,0,7
7,56,031133210120,0,7
7,57,031133212231,0,7
7,58,031133212320,0,7
7,59,031133212301,0,7
7,60,031133212303,0,7
7,61,031133212333,0,7
7,62,031133231022,0,7
7,63,031133213223,0,7
7,64,031133213232,0,7
7,65,031133213231,0,7
7,66,031133231010,0,7
7,67,031133231020,0,7
7,68,031133213303,0,7
7,69,031133213330,0,7
7,70,031133213331,0,7
7,71,031133231103,0,7
7,72,031133231112,0,7
7,73,031133231113,0,7
7,74,031133231130,0,7
7,75,031133302201,0,7
7,76,031133302211,0,7
7,77,031133302220,0,7
7,78,031133302232,0,7
7,79,031133220023,0,7
7,80,031133220030,0,7
7,81,031133220120,0,7
7,82,031133222030,0,7
7,83,031133222230,0,7
7,84,031133222133,0,7
7,85,031133222311,0,7
7,86,031133222313,0,7
7,87,031133223003,0,7
7,88,031133223021,0,7
7,89,031133223020,0,7
7,90,031133223032,0,7
7,91,031133223023,0,7
7,92,031133223033,0,7
7,93,031133223122,0,7
7,94,031133223201,0,7
7,95,031133223211,0,7
7,96,031133223300,0,7
7,97,031133223303,0,7
7,98,031133223312,0,7
7,99,031133223331,0,7
7,100,031133223321,0,7
7,101,031133223330,0,7
7,102,031133223202,0,7
7,103,031133223212,0,7
7,104,031133223213,0,7
7,105,031133223220,0,7
7,106,031133223320,0,7
7,107,031133232220,0,7
7,108,031133223231,0,7
7,109,031133223233,0,7
7,110,031133223301,0,7
7,111,031133223310,0,7
7,112,031133223302,0,7
7,113,031133223313,0,7
7,114,031133223322,0,7
7,115,031133223323,0,7
7,116,031133223332,0,7
7,117,031133223333,0,7
7,118,031133232200,0,7
7,119,031133232202,0,7
7,120,031133232210,0,7
7,121,031133232221,0,7
7,122,031133232222,0,7
7,123,031133232223,0,7
7,124,031133232230,0,7
7,125,031133232232,0,7
7,126,031311001033,0,7
7,127,031311010000,0,7
7,128,031133232201,0,7
7,129,031133232203,0,7
7,130,031311010001,0,7
7,131,031311010010,0,7
7,132,031133232233,0,7
7,133,031311001011,0,7
7,134,031311001010,0,7
7,135,031311001012,0,7
7,136,031311001021,0,7
7,137,031311001102,0,7
7,138,031311001111,0,7
7,139,031311001122,0,7
7,140,031133233211,0,7
7,141,031311001030,0,7
7,142,031311001110,0,7
7,143,031311001231,0,7
7,144,031311010011,0,7
7,145,031133232011,0,7
7,146,031133232013,0,7
7,147,031133232022,0,7
7,148,031133232023,0,7
7,149,031133232033,0,7
7,150,031133232100,0,7
7,151,031133232120,0,7
7,152,031133232122,0,7
7,153,031133232123,0,7
7,154,031133232211,0,7
7,155,031133232212,0,7
7,156,031133232213,0,7
7,157,031133232231,0,7
7,158,031133232312,0,7
7,159,031133232313,0,7
7,160,031133232321,0,7
7,161,031133232322,0,7
7,162,031133232330,0,7
7,163,031133232331,0,7
7,164,031133233021,0,7
7,165,031133233200,0,7
7,166,031311001002,0,7
7,167,031311001031,0,7
7,168,031311001120,0,7
7,169,031311001123,0,7
7,170,031311001132,0,7
7,171,031311001211,0,7
7,172,031311001213,0,7
7,173,031311001331,0,7
7,174,031311010003,0,7
7,175,031311010012,0,7
7,176,031311010021,0,7
7,177,031311010031,0,7
7,178,031311010100,0,7
7,179,031311010102,0,7
7,180,031133230032,0,7
7,181,031133230122,0,7
7,182,031133230131,0,7
7,183,031133230223,0,7
7,184,031133230232,0,7
7,185,031133230303,0,7
7,186,031133230320,0,7
7,187,031133230313,0,7
7,188,031133231002,0,7
7,189,031133231021,0,7
7,190,031133231023,0,7
7,191,031133231201,0,7
7,192,031133231000,0,7
7,193,031133231032,0,7
7,194,031133231033,0,7
7,195,031133231210,0,7
7,196,031133231211,0,7
7,197,031133231102,0,7
7,198,031133231120,0,7
7,199,031133231131,0,7
7,200,031133320002,0,7
7,201,031133231111,0,7
7,202,031133231031,0,7
7,203,031133231311,0,7
7,204,031133231323,0,7
7,205,031133231133,0,7
7,206,031133231222,0,7
7,207,031133231223,0,7
7,208,031133231233,0,7
7,209,031133231301,0,7
7,210,031133231303,0,7
7,211,031133231320,0,7
7,212,031133231322,0,7
7,213,031133233001,0,7
7,214,031133233002,0,7
7,215,031133233003,0,7
7,216,031133233010,0,7
7,217,031133233011,0,7
7,218,031133233013,0,7
7,219,031133233020,0,7
7,220,031133233100,0,7
7,221,031133231302,0,7
7,222,031133232010,0,7
7,223,031133232101,0,7
7,224,031133232102,0,7
7,225,031133232012,0,7
7,226,031133232031,0,7
7,227,031133232103,0,7
7,228,031133232121,0,7
7,229,031133232032,0,7
7,230,031133232132,0,7
7,231,031133232113,0,7
7,232,031133232133,0,7
7,233,031133232300,0,7
7,234,031133232301,0,7
7,235,031133232310,0,7
7,236,031133233201,0,7
7,237,031133233210,0,7
7,238,031133233202,0,7
7,239,031133232303,0,7
7,240,031133232323,0,7
7,241,031133233212,0,7
7,242,031133233203,0,7
7,243,031133233220,0,7
7,244,031133233302,0,7
7,245,031133232320,0,7
7,246,031133232131,0,7
7,247,031133233012,0,7
7,248,031133233023,0,7
7,249,031133233133,0,7
7,250,031133233310,0,7
7,251,031133233231,0,7
7,252,031133233300,0,7
7,253,031133233213,0,7
7,254,031133233301,0,7
7,255,031133233303,0,7
7,256,031133233320,0,7
7,257,031133233321,0,7
7,258,031133233312,0,7
7,259,031133322021,0,7
7,260,031133322033,0,7
7,261,031133322200,0,7
7,262,031311011031,0,7
7,263,031311100022,0,7
7,264,031133233311,0,7
7,265,031133322020,0,7
7,266,031133300101,0,7
7,267,031133300102,0,7
7,268,031133300103,0,7
7,269,031133300121,0,7
7,270,031133300132,0,7
7,271,031133300113,0,7
7,272,031133300131,0,7
7,273,031133300123,0,7
7,274,031133300311,0,7
7,275,031133300313,0,7
7,276,031133300332,0,7
7,277,031133301002,0,7
7,278,031133300213,0,7
7,279,031133300310,0,7
7,280,031133300202,0,7
7,281,031133300210,0,7
7,282,031133302121,0,7
7,283,031133302032,0,7
7,284,031133302033,0,7
7,285,031133302122,0,7
7,286,031133302213,0,7
7,287,031133302221,0,7
7,288,031133320221,0,7
7,289,031133322022,0,7
7,290,031133322032,0,7
7,291,031133322323,0,7
7,292,031311100101,0,7
7,293,031310111000,0,7
7,294,031310111021,0,7
7,295,031311000220,0,7
7,296,031311000222,0,7
7,297,031311001121,0,7
7,298,031311001133,0,7
7,299,031311001300,0,7
7,300,031311001312,0,7
7,301,031311001233,0,7
7,302,031311001302,0,7
7,303,031311001320,0,7
7,304,031311001321,0,7
7,305,031311003010,0,7
7,306,031311001303,0,7
7,307,031311001330,0,7
7,308,031311003100,0,7
7,309,031311003103,0,7
7,310,031311010222,0,7
7,311,031311010203,0,7
7,312,031311010232,0,7
7,313,031311010013,0,7
7,314,031311010033,0,7
7,315,031311010121,0,7
7,316,031311010103,0,7
7,317,031311010112,0,7
7,318,031311010120,0,7
7,319,031311012011,0,7
7,320,031311011120,0,7
7,321,031311011123,0,7
7,322,031311011133,0,7
7,323,031311011311,0,7
7,324,031311100220,0,7
7,325,031311100222,0,7
7,326,031311012312,0,7
7,327,031311012313,0,7
7,328,031311012330,0,7
7,329,031311012331,0,7
7,330,031311013200,0,7
7,331,031311013203,0,7
7,332,031311013232,0,7
7,333,031311013233,0,7
7,334,031311030011,0,7
7,335,031311030100,0,7
7,336,031311013201,0,7
7,337,031311013323,0,7
7,338,031311031112,0,7
7,339,031311013301,0,7
7,340,031311020112,0,7
7,341,031311020113,0,7
7,342,031311020130,0,7
7,343,031311021003,0,7
7,344,031311021100,0,7
7,345,031311021101,0,7
7,346,031311030021,0,7
7,347,031311030030,0,7
7,348,031311030102,0,7
7,349,031311100002,0,7
7,350,031311100021,0,7
7,351,031311100023,0,7
7,352,031311100122,0,7
7,353,031311100201,0,7
7,354,031133322332,0,7
7,355,031311100301,0,7
8,0,031133010303,0,8
8,1,031133010311,0,8
8,2,031133011200,0,8
8,3,031133013100,0,8
8,4,031133011220,0,8
8,5,031133011322,0,8
8,6,031133023111,0,8
8,7,031133023110,0,8
8,8,031133023121,0,8
8,9,031133030203,0,8
8,10,031133023120,0,8
8,11,031133023123,0,8
8,12,031133023301,0,8
8,13,031133032202,0,8
8,14,031133023313,0,8
8,15,031133032023,0,8
8,16,031133032112,0,8
8,17,031133032130,0,8
8,18,031133032113,0,8
8,19,031133033012,0,8
8,20,031133032120,0,8
8,21,031133032332,0,8
8,22,031133210110,0,8
8,23,031133033000,0,8
8,24,031133033003,0,8
8,25,031133033010,0,8
8,26,031133033013,0,8
8,27,031133033030,0,8
8,28,031133033033,0,8
8,29,031133033102,0,8
8,30,031133033110,0,8
8,31,031133033132,0,8
8,32,031133033211,0,8
8,33,031133033302,0,8
8,34,031133033111,0,8
8,35,031133122202,0,8
8,36,031133033213,0,8
8,37,031133122033,0,8
8,38,031133122122,0,8
8,39,031133122232,0,8
8,40,031133300100,0,8
8,41,031133122323,0,8
8,42,031133123000,0,8
8,43,031133122111,0,8
8,44,031133123211,0,8
8,45,031133123023,0,8
8,46,031133123030,0,8
8,47,031133123212,0,8
8,48,031133123222,0,8
8,49,031133123230,0,8
8,50,031133300130,0,8
8,51,031133300133,0,8
8,52,031133301020,0,8
8,53,031133301200,0,8
8,54,031133202121,0,8
8,55,031133202130,0,8
8,56,031133210120,0,8
8,57,031133212231,0,8
8,58,031133212320,0,8
8,59,031133212301,0,8
8,60,031133212303,0,8
8,61,031133212333,0,8
8,62,031133231022,0,8
8,63,031133213223,0,8
8,64,031133213232,0,8
8,65,031133213231,0,8
8,66,031133231010,0,8
8,67,031133231020,0,8
8,68,031133213303,0,8
8,69,031133213330,0,8
8,70,031133213331,0,8
8,71,031133231103,0,8
8,72,031133231112,0,8
8,73,031133231113,0,8
8,74,031133231130,0,8
8,75,031133302201,0,8
8,76,031133302211,0,8
8,77,031133302220,0,8
8,78,031133302232,0,8
8,79,031133220023,0,8
8,80,031133220030,0,8
8,81,031133220120,0,8
8,82,031133222030,0,8
8,83,031133222230,0,8
8,84,031133222133,0,8
8,85,031133222311,0,8
8,86,031133222313,0,8
8,87,031133223003,0,8
8,88,031133223021,0,8
8,89,031133223020,0,8
8,90,031133223032,0,8
8,91,031133223023,0,8
8,92,031133223033,0,8
8,93,031133223122,0,8
8,94,031133223201,0,8
8,95,031133223211,0,8
8,96,031133223300,0,8
8,97,031133223303,0,8
8,98,031133223312,0,8
8,99,031133223331,0,8
8,100,031133223321,0,8
8,101,031133223330,0,8
8,102,031133223202,0,8
8,103,031133223212,0,8
8,104,031133223213,0,8
8,105,031133223220,0,8
8,106,031133223320,0,8
8,107,031133232220,0,8
8,108,031133223231,0,8
8,109,031133223233,0,8
8,110,031133223301,0,8
8,111,031133223310,0,8
8,112,031133223302,0,8
8,113,031133223313,0,8
8,114,031133223322,0,8
8,115,031133223323,0,8
8,116,031133223332,0,8
8,117,031133223333,0,8
8,118,031133232200,0,8
8,119,031133232202,0,8
8,120,031133232210,0,8
8,121,031133232221,0,8
8,122,031133232222,0,8
8,123,031133232223,0,8
8,124,031133232230,0,8
8,125,031133232232,0,8
8,126,031311001033,0,8
8,127,031311010000,0,8
8,128,031133232201,0,8
8,129,031133232203,0,8
8,130,031311010001,0,8
8,131,031311010010,0,8
8,132,031133232233,0,8
8,133,031311001011,0,8
8,134,031311001010,0,8
8,135,031311001012,0,8
8,136,031311001021,0,8
8,137,031311001102,0,8
8,138,031311001111,0,8
8,139,031311001122,0,8
8,140,031133233211,0,8
8,141,031311001030,0,8
8,142,031311001110,0,8
8,143,031311001231,0,8
8,144,031311010011,0,8
8,145,031133232011,0,8
8,146,031133232013,0,8
8,147,031133232022,0,8
8,148,031133232023,0,8
8,149,031133232033,0,8
8,150,031133232100,0,8
8,151,031133232120,0,8
8,152,031133232122,0,8
8,153,031133232123,0,8
8,154,031133232211,0,8
8,155,031133232212,0,8
8,156,031133232213,0,8
8,157,031133232231,0,8
8,158,031133232312,0,8
8,159,031133232313,0,8
8,160,031133232321,0,8
8,161,031133232322,0,8
8,162,031133232330,0,8
8,163,031133232331,0,8
8,164,031133233021,0,8
8,165,031133233200,0,8
8,166,031311001002,0,8
8,167,031311001031,0,8
8,168,031311001120,0,8
8,169,031311001123,0,8
8,170,031311001132,0,8
8,171,031311001211,0,8
8,172,031311001213,0,8
8,173,031311001331,0,8
8,174,031311010003,0,8
8,175,031311010012,0,8
8,176,031311010021,0,8
8,177,031311010031,0,8
8,178,031311010100,0,8
8,179,031311010102,0,8
8,180,031133230032,0,8
8,181,031133230122,0,8
8,182,031133230131,0,8
8,183,031133230223,0,8
8,184,031133230232,0,8
8,185,031133230303,0,8
8,186,031133230320,0,8
8,187,031133230313,0,8
8,188,031133231002,0,8
8,189,031133231021,0,8
8,190,031133231023,0,8
8,191,031133231201,0,8
8,192,031133231000,0,8
8,193,031133231032,0,8
8,194,031133231033,0,8
8,195,031133231210,0,8
8,196,031133231211,0,8
8,197,031133231102,0,8
8,198,031133231120,0,8
8,199,031133231131,0,8
8,200,031133320002,0,8
8,201,031133231111,0,8
8,202,031133231031,0,8
8,203,031133231311,0,8
8,204,031133231323,0,8
8,205,031133231133,0,8
8,206,031133231222,0,8
8,207,031133231223,0,8
8,208,031133231233,0,8
8,209,031133231301,0,8
8,210,031133231303,0,8
8,211,031133231320,0,8
8,212,031133231322,0,8
8,213,031133233001,0,8
8,214,031133233002,0,8
8,215,031133233003,0,8
8,216,031133233010,0,8
8,217,031133233011,0,8
8,218,031133233013,0,8
8,219,031133233020,0,8
8,220,031133233100,0,8
8,221,031133231302,0,8
8,222,031133232010,0,8
8,223,031133232101,0,8
8,224,031133232102,0,8
8,225,031133232012,0,8
8,226,031133232031,0,8
8,227,031133232103,0,8
8,228,031133232121,0,8
8,229,031133232032,0,8
8,230,031133232132,0,8
8,231,031133232113,0,8
8,232,031133232133,0,8
8,233,031133232300,0,8
8,234,031133232301,0,8
8,235,031133232310,0,8
8,236,031133233201,0,8
8,237,031133233210,0,8
8,238,031133233202,0,8
8,239,031133232303,0,8
8,240,031133232323,0,8
8,241,031133233212,0,8
8,242,031133233203,0,8
8,243,031133233220,0,8
8,244,031133233302,0,8
8,245,031133232320,0,8
8,246,031133232131,0,8
8,247,031133233012,0,8
8,248,031133233023,0,8
8,249,031133233133,0,8
8,250,031133233310,0,8
8,251,031133233231,0,8
8,252,031133233300,0,8
8,253,031133233213,0,8
8,254,031133233301,0,8
8,255,031133233303,0,8
8,256,031133233320,0,8
8,257,031133233321,0,8
8,258,031133233312,0,8
8,259,031133322021,0,8
8,260,031133322033,0,8
8,261,031133322200,0,8
8,262,031311011031,0,8
8,263,031311100022,0,8
8,264,031133233311,0,8
8,265,031133322020,0,8
8,266,031133300101,0,8
8,267,031133300102,0,8
8,268,031133300103,0,8
8,269,031133300121,0,8
8,270,031133300132,0,8
8,271,031133300113,0,8
8,272,031133300131,0,8
8,273,031133300123,0,8
8,274,031133300311,0,8
8,275,031133300313,0,8
8,276,031133300332,0,8
8,277,031133301002,0,8
8,278,031133300213,0,8
8,279,031133300310,0,8
8,280,031133300202,0,8
8,281,031133300210,0,8
8,282,031133302121,0,8
8,283,031133302032,0,8
8,284,031133302033,0,8
8,285,031133302122,0,8
8,286,031133302213,0,8
8,287,031133302221,0,8
8,288,031133320221,0,8
8,289,031133322022,0,8
8,290,031133322032,0,8
8,291,031133322323,0,8
8,292,031311100101,0,8
8,293,031310111000,0,8
8,294,031310111021,0,8
8,295,031311000220,0,8
8,296,031311000222,0,8
8,297,031311001121,0,8
8,298,031311001133,0,8
8,299,031311001300,0,8
8,300,031311001312,0,8
8,301,031311001233,0,8
8,302,031311001302,0,8
8,303,031311001320,0,8
8,304,031311001321,0,8
8,305,031311003010,0,8
8,306,031311001303,0,8
8,307,031311001330,0,8
8,308,031311003100,0,8
8,309,031311003103,0,8
8,310,031311010222,0,8
8,311,031311010203,0,8
8,312,031311010232,0,8
8,313,031311010013,0,8
8,314,031311010033,0,8
8,315,031311010121,0,8
8,316,031311010103,0,8
8,317,031311010112,0,8
8,318,031311010120,0,8
8,319,031311012011,0,8
8,320,031311011120,0,8
8,321,031311011123,0,8
8,322,031311011133,0,8
8,323,031311011311,0,8
8,324,031311100220,0,8
8,325,031311100222,0,8
8,326,031311012312,0,8
8,327,031311012313,0,8
8,328,031311012330,0,8
8,329,031311012331,0,8
8,330,031311013200,0,8
8,331,031311013203,0,8
8,332,031311013232,0,8
8,333,031311013233,0,8
8,334,031311030011,0,8
8,335,031311030100,0,8
8,336,031311013201,0,8
8,337,031311013323,0,8
8,338,031311031112,0,8
8,339,031311013301,0,8
8,340,031311020112,0,8
8,341,031311020113,0,8
8,342,031311020130,0,8
8,343,031311021003,0,8
8,344,031311021100,0,8
8,345,031311021101,0,8
8,346,031311030021,0,8
8,347,031311030030,0,8
8,348,031311030102,0,8
8,349,031311100002,0,8
8,350,031311100021,0,8
8,351,031311100023,0,8
8,352,031311100122,0,8
8,353,031311100201,0,8
8,354,031133322332,0,8
8,355,031311100301,0,8
